-- phpMyAdmin SQL Dump
-- version 4.1.14
-- http://www.phpmyadmin.net
--
-- Client :  127.0.0.1
-- Généré le :  Mar 14 Mars 2017 à 19:18
-- Version du serveur :  5.6.17
-- Version de PHP :  5.5.12

SET SQL_MODE = "NO_AUTO_VALUE_ON_ZERO";
SET time_zone = "+00:00";


/*!40101 SET @OLD_CHARACTER_SET_CLIENT=@@CHARACTER_SET_CLIENT */;
/*!40101 SET @OLD_CHARACTER_SET_RESULTS=@@CHARACTER_SET_RESULTS */;
/*!40101 SET @OLD_COLLATION_CONNECTION=@@COLLATION_CONNECTION */;
/*!40101 SET NAMES utf8 */;

--
-- Base de données :  `m2l`
--

-- --------------------------------------------------------

--
-- Structure de la table `adherent`
--

CREATE TABLE IF NOT EXISTS `adherent` (
  `idAdherent` int(11) NOT NULL AUTO_INCREMENT,
  `nom` varchar(50) NOT NULL,
  `prenom` varchar(50) NOT NULL,
  `sexe` varchar(1) DEFAULT NULL,
  `naissance` varchar(50) NOT NULL,
  `rueAdresse` varchar(1000) NOT NULL,
  `cp` varchar(10) NOT NULL,
  `ville` varchar(50) NOT NULL,
  `cotisation` int(10) NOT NULL,
  PRIMARY KEY (`idAdherent`)
) ENGINE=InnoDB  DEFAULT CHARSET=latin1 AUTO_INCREMENT=101 ;

--
-- Contenu de la table `adherent`
--

INSERT INTO `adherent` (`idAdherent`, `nom`, `prenom`, `sexe`, `naissance`, `rueAdresse`, `cp`, `ville`, `cotisation`) VALUES
(1, 'Whitehead', 'Deacon', 'F', '1982-07-15 00:19:32', 'Ap #966-6477 Nam St.', '44013', 'Band?rma', 44),
(2, 'Maddox', 'Conan', 'F', '1980-07-17 17:35:38', '262-554 Pede St.', '47783', 'Paisley', 92),
(3, 'Vaughn', 'Stephanie', 'F', '1986-06-25 10:29:09', 'Ap #113-8650 Mollis Avenue', '82902', 'Antakya', 93),
(4, 'Barron', 'Sasha', 'F', '1998-05-08 13:15:35', '3084 Cras Av.', '04427', 'Verrès', 98),
(5, 'Saunders', 'Maggie', 'F', '1990-09-08 21:53:48', '1882 Eget St.', '52747', 'LouveignŽ', 94),
(6, 'York', 'Teagan', 'M', '1978-05-26 21:52:16', 'P.O. Box 568, 7974 Dictum St.', '86635', 'Henis', 67),
(7, 'Klein', 'Justin', 'F', '2001-07-17 20:39:09', '4214 Ac Road', '95120', 'Silvan', 83),
(8, 'Delacruz', 'Abigail', 'M', '2002-04-28 13:26:52', '160-7550 Nisl Street', '88682', 'Rueil-Malmaison', 47),
(9, 'Beard', 'Harrison', 'M', '1997-11-04 01:36:42', 'Ap #668-6089 Enim, Rd.', '41870', 'Hope', 75),
(10, 'Shaw', 'Shaeleigh', 'F', '1984-03-29 03:00:58', '972-2189 Non St.', '29473', 'Vance', 43),
(11, 'Brooks', 'Avram', 'F', '1997-02-27 17:16:46', '887-3801 Vel Ave', '23949', 'Ichtegem', 96),
(12, 'Garcia', 'Margaret', 'M', '1985-05-10 18:01:33', '2572 Eget Av.', '35311', 'St. Pölten', 98),
(13, 'Herrera', 'Ronan', 'F', '1980-11-27 22:55:06', '828-8326 Turpis. Rd.', '14941', 'Zapallar', 91),
(14, 'Browning', 'Danielle', 'F', '1986-03-03 17:07:03', 'Ap #834-3786 Velit Rd.', '84687', 'Sens', 81),
(15, 'Nieves', 'Jaquelyn', 'M', '2000-09-01 23:32:22', '193-785 Curae; St.', '62055', 'Bellary', 58),
(16, 'Townsend', 'Otto', 'M', '1992-07-05 01:55:03', '394-6830 Et, Rd.', '14554', 'Hawera', 45),
(17, 'Benton', 'Miriam', 'M', '1990-10-22 09:34:40', '682-8452 Libero. St.', '57613', 'Piegaro', 88),
(18, 'Barron', 'Blythe', 'M', '1979-03-17 11:08:15', '321-843 Lectus Rd.', '94697', 'Indianapolis', 93),
(19, 'Horne', 'Jeanette', 'M', '1993-10-23 14:54:05', '2961 Magna. Av.', '08712', 'Bangor', 59),
(20, 'Barnett', 'Ifeoma', 'M', '1980-09-02 19:21:27', '871-9728 Ligula. Ave', '20581', 'Vlimmeren', 67),
(21, 'Schultz', 'Ray', 'F', '1994-03-25 01:10:43', 'Ap #657-4127 Libero St.', '73955', 'Ponta Grossa', 49),
(22, 'Wilkerson', 'Phelan', 'M', '1992-04-28 01:30:05', 'Ap #238-7815 Egestas St.', '95851', 'Birori', 87),
(23, 'Washington', 'Kirsten', 'F', '2001-12-25 22:25:39', 'P.O. Box 520, 1833 Euismod Av.', '13775', 'Akola', 77),
(24, 'Petersen', 'Vladimir', 'M', '1979-12-16 13:26:33', '469-9685 Nonummy Rd.', '83022', 'Freire', 89),
(25, 'Thompson', 'Arsenio', 'M', '1996-07-13 05:51:43', '9307 Cum Av.', '57078', 'Stalowa Wola', 61),
(26, 'Hatfield', 'David', 'M', '1980-03-31 00:45:24', 'P.O. Box 125, 1718 Primis St.', '99019', 'Stade', 67),
(27, 'Maldonado', 'Channing', 'F', '1995-03-17 20:44:58', '669-9622 Dis Avenue', '57061', 'Dietzenbach', 60),
(28, 'Cameron', 'Wesley', 'M', '2001-09-24 21:24:53', 'Ap #101-6432 Nec Road', '33100', 'Bad Dürkheim', 51),
(29, 'Berg', 'Kermit', 'F', '2001-10-05 13:28:12', '990-2548 Proin Rd.', '47615', 'North Las Vegas', 97),
(30, 'Hanson', 'Shellie', 'F', '1988-12-01 12:28:59', 'P.O. Box 878, 2593 Posuere Rd.', '93119', 'Staßfurt', 75),
(31, 'Johnson', 'Rae', 'M', '1989-03-14 18:39:18', 'P.O. Box 836, 7773 Arcu Ave', '07921', 'Leamington', 46),
(32, 'Pace', 'Slade', 'M', '1979-06-30 15:54:22', '6533 Non St.', '80555', 'Herne', 76),
(33, 'Powers', 'Ina', 'F', '1979-09-03 15:26:56', 'P.O. Box 166, 5856 Fusce Road', '45617', 'Yahyal?', 51),
(34, 'Daugherty', 'Wylie', 'M', '2001-03-18 12:28:54', '7487 Tempor Av.', '52226', 'Borgo Valsugana', 47),
(35, 'Contreras', 'Kaden', 'M', '1993-10-11 16:47:14', 'Ap #291-553 Nec Street', '05541', 'Gontrode', 75),
(36, 'Bishop', 'Sebastian', 'M', '1993-01-13 12:28:07', '5218 Gravida St.', '65354', 'Enterprise', 42),
(37, 'Gamble', 'Benjamin', 'M', '2001-01-27 18:21:15', '572-4201 Aenean Street', '02346', 'Borgerhout', 85),
(38, 'Bender', 'Ruth', 'F', '1991-11-19 01:33:36', '4793 A St.', '93416', 'Castelmarte', 65),
(39, 'Pate', 'Tanisha', 'M', '1995-11-07 21:55:07', '608-2818 Donec Street', '32463', 'Köthen', 80),
(40, 'Powers', 'Maris', 'F', '1984-04-01 21:30:48', 'P.O. Box 982, 1243 Odio Ave', '03278', 'Bansberia', 47),
(41, 'Kemp', 'Zeus', 'F', '1999-09-25 21:48:30', '885-8322 Lacus. Road', '47330', 'Sant''Angelo a Cupolo', 50),
(42, 'Dickson', 'Geoffrey', 'M', '1981-12-25 23:43:56', '122 Sem. Av.', '26419', 'Conselice', 98),
(43, 'Witt', 'Zachery', 'M', '1983-10-09 22:06:23', 'Ap #360-8953 Euismod Road', '33571', 'Maunath Bhanjan', 63),
(44, 'David', 'Maile', 'M', '1987-04-09 22:29:47', '275-1636 Proin Rd.', '25254', 'Ravenstein', 53),
(45, 'Cash', 'Colleen', 'F', '1998-06-23 18:23:32', 'Ap #745-3552 Euismod St.', '76355', 'South Dum Dum', 60),
(46, 'Rice', 'Ashton', 'F', '1989-07-20 03:37:34', '4926 Nulla Street', '20765', 'Massenhoven', 99),
(47, 'Carver', 'Rafael', 'M', '1978-12-19 08:14:02', 'Ap #471-462 Sed Road', '58468', 'Pulle', 76),
(48, 'Doyle', 'Shea', 'F', '1987-03-05 19:18:27', '284-2007 Ligula. Rd.', '10990', 'San Antonio', 56),
(49, 'Dejesus', 'Bruno', 'F', '1987-12-20 01:31:38', 'P.O. Box 708, 3473 Ornare Rd.', '57978', 'Meerdonk', 47),
(50, 'Valentine', 'Cailin', 'F', '1980-07-12 11:24:28', '4525 Dolor Avenue', '03934', 'Erpion', 49),
(51, 'Levine', 'Lamar', 'M', '1995-10-23 07:44:01', '335-1051 Feugiat St.', '25776', 'Aurora', 85),
(52, 'Hopkins', 'Kitra', 'F', '1984-11-19 15:58:17', '8465 Quam St.', '47286', 'Bendigo', 67),
(53, 'Raymond', 'Leroy', 'F', '1997-12-21 02:16:55', 'Ap #257-9172 Turpis Rd.', '23316', 'Dover', 60),
(54, 'Rodgers', 'Aphrodite', 'M', '1999-07-28 19:03:13', 'Ap #928-6120 Mauris St.', '98758', 'Tarvisio', 74),
(55, 'Holman', 'Kay', 'F', '2002-05-10 05:35:35', 'P.O. Box 934, 6553 Nulla St.', '69901', 'Essex', 70),
(56, 'Buckley', 'Zeph', 'F', '1979-05-31 18:47:40', 'P.O. Box 612, 4026 Velit St.', '98538', 'Montignies-Saint-Christophe', 77),
(57, 'Maynard', 'Imogene', 'F', '1992-09-22 04:21:35', 'Ap #714-1973 Imperdiet Street', '02244', 'Friedberg', 74),
(58, 'Campbell', 'Neve', 'M', '1992-06-26 11:40:12', 'Ap #308-9005 Magnis Rd.', '43156', 'Gembloux', 57),
(59, 'Dyer', 'Quon', 'M', '2002-01-04 16:03:43', '8099 Aliquet, Rd.', '58395', 'Whithorn', 75),
(60, 'Moss', 'Gannon', 'M', '1992-01-22 16:13:56', '2302 Quam. St.', '59757', 'Bierk Bierghes', 73),
(61, 'Gilliam', 'Francis', 'M', '1991-02-14 11:50:50', 'P.O. Box 148, 9280 Tortor. Street', '12510', 'Berhampore', 99),
(62, 'Fowler', 'Shellie', 'F', '2002-08-31 19:04:50', 'Ap #666-8129 Nec St.', '40788', 'Fossato di Vico', 71),
(63, 'Murphy', 'Emmanuel', 'F', '1996-11-12 08:51:36', 'Ap #213-2870 Lacus. Av.', '36315', 'San Isidro', 60),
(64, 'Suarez', 'Chadwick', 'M', '1978-11-06 10:06:46', '6911 Vulputate Street', '95551', 'Creil', 41),
(65, 'Small', 'Wynter', 'F', '1985-01-26 00:01:09', '5364 Cursus, Road', '44695', 'Heide', 47),
(66, 'Britt', 'Clementine', 'F', '2001-07-19 17:51:40', '3960 Feugiat Street', '65658', 'Weiz', 41),
(67, 'Noel', 'Evelyn', 'M', '1981-12-19 00:14:16', '9943 Molestie Road', '04119', 'Ararat', 51),
(68, 'Velez', 'Selma', 'M', '1995-08-31 12:20:15', 'Ap #893-989 Morbi Street', '61944', 'Chicoutimi', 75),
(69, 'Tillman', 'Melanie', 'F', '1986-01-19 03:19:17', '908 Penatibus Road', '93874', 'Stroud', 92),
(70, 'Silva', 'Fitzgerald', 'F', '2002-03-29 20:45:51', 'Ap #239-4163 Commodo Rd.', '62940', 'Grand-Leez', 77),
(71, 'Lucas', 'Xaviera', 'F', '1978-01-29 05:54:41', 'P.O. Box 209, 9011 Eget Avenue', '63486', 'Kinross', 87),
(72, 'Hanson', 'Dieter', 'M', '1978-01-03 07:42:25', '5344 Gravida Rd.', '50310', 'MŽlin', 53),
(73, 'Summers', 'Russell', 'F', '1988-08-09 10:47:42', 'P.O. Box 894, 5732 Proin Avenue', '06570', 'Mellery', 98),
(74, 'Morin', 'Yvonne', 'F', '1991-12-12 12:19:20', 'P.O. Box 984, 4426 Auctor Av.', '13715', 'Green Bay', 78),
(75, 'Rojas', 'Molly', 'M', '1998-05-17 22:38:29', 'Ap #213-6590 Tristique St.', '33921', 'Joliet', 75),
(76, 'Jacobs', 'Gary', 'F', '1994-11-26 13:40:05', 'P.O. Box 910, 3146 Euismod Rd.', '28264', 'Capannori', 60),
(77, 'Logan', 'Ivan', 'M', '1978-08-28 05:10:45', 'P.O. Box 552, 4138 Sit St.', '67162', 'Bruckneudorf', 90),
(78, 'Sloan', 'Norman', 'F', '1990-10-19 04:49:24', 'Ap #355-5721 Quis Rd.', '73454', 'Kobbegem', 46),
(79, 'Glass', 'Audrey', 'F', '1999-01-29 02:11:55', 'Ap #849-7109 Libero Rd.', '32298', 'Gönen', 91),
(80, 'Wilkinson', 'Martha', 'M', '1996-05-25 20:26:57', '453-7784 A St.', '25759', 'Melbourne', 77),
(81, 'Jarvis', 'Ciara', 'M', '1990-06-27 14:58:27', '1031 Molestie Avenue', '58250', 'Lanester', 89),
(82, 'Mcdaniel', 'Jerome', 'F', '1992-04-12 04:07:26', 'Ap #171-7097 Facilisis Road', '79907', 'Saint-Nicolas', 90),
(83, 'Hinton', 'Yvette', 'M', '1984-08-07 07:02:32', '1703 Neque Avenue', '43636', 'Salt Spring Island', 47),
(84, 'Odom', 'Macon', 'F', '1989-03-22 21:34:14', 'P.O. Box 234, 810 Vitae Avenue', '88509', 'Marchienne-au-Pont', 50),
(85, 'Flores', 'Samson', 'F', '1978-07-26 22:30:49', '849-2550 Vel Road', '41741', 'Sapele', 75),
(86, 'Benjamin', 'Wynne', 'F', '1983-01-18 12:54:41', 'P.O. Box 781, 5759 Risus Rd.', '83928', 'Terragnolo', 57),
(87, 'Pickett', 'Amaya', 'F', '1981-08-02 13:06:22', 'P.O. Box 845, 6870 Ac Road', '81475', 'Hollabrunn', 64),
(88, 'Manning', 'Stacey', 'F', '1984-07-23 15:29:32', '9835 Libero Avenue', '36187', 'Fontaine-l''Evque', 66),
(89, 'Flores', 'Hashim', 'M', '1996-02-02 23:19:10', 'P.O. Box 849, 7122 Et Av.', '40112', 'Rödermark', 82),
(90, 'George', 'Peter', 'M', '2002-04-08 15:17:16', 'Ap #148-4874 Vel Rd.', '63845', 'Thirimont', 59),
(91, 'Weaver', 'Tanner', 'M', '1980-12-24 06:17:47', 'Ap #600-1153 A Rd.', '92260', 'Fiuminata', 64),
(92, 'Leblanc', 'Ahmed', 'F', '1996-03-09 19:18:05', '661-2837 Dui. St.', '31424', 'Sankt Ingbert', 75),
(93, 'Rowland', 'Emi', 'F', '1993-05-31 02:13:15', '845-7083 Quisque St.', '78370', 'Minneapolis', 73),
(94, 'Stout', 'Sylvia', 'F', '1998-12-27 05:45:28', 'P.O. Box 762, 4767 Diam St.', '55867', 'Pisa', 59),
(95, 'Langley', 'Lisandra', 'M', '1987-12-25 23:40:42', 'P.O. Box 986, 236 Suspendisse Rd.', '49392', 'Shawinigan', 65),
(96, 'Walters', 'Hector', 'F', '1988-02-08 01:25:26', '7852 Vulputate Avenue', '83974', 'Milford Haven', 100),
(97, 'Lyons', 'Noelani', 'F', '2001-05-18 04:08:32', '228-9723 Orci Ave', '87645', 'Saint-GŽry', 60),
(98, 'Rivas', 'Lisandra', 'M', '1982-05-11 14:08:53', 'Ap #970-8267 Dictum Ave', '03882', 'San Marcello Pistoiese', 66),
(99, 'Kelley', 'Oscar', 'F', '1993-12-16 13:16:28', 'P.O. Box 221, 5753 Fringilla Avenue', '62275', 'Birmingham', 87),
(100, 'Brown', 'Hedy', 'F', '1999-10-06 13:29:09', 'Ap #890-3193 Imperdiet Ave', '53011', 'Offenburg', 48);

-- --------------------------------------------------------

--
-- Structure de la table `club`
--

CREATE TABLE IF NOT EXISTS `club` (
  `nom` varchar(50) NOT NULL,
  `site` varchar(50) NOT NULL,
  `adresse` varchar(1000) NOT NULL,
  `telephone` varchar(20) NOT NULL,
  `email` varchar(50) NOT NULL,
  `type` varchar(50) NOT NULL,
  `idClub` int(11) NOT NULL AUTO_INCREMENT,
  PRIMARY KEY (`idClub`)
) ENGINE=InnoDB  DEFAULT CHARSET=latin1 AUTO_INCREMENT=4 ;

--
-- Contenu de la table `club`
--

INSERT INTO `club` (`nom`, `site`, `adresse`, `telephone`, `email`, `type`, `idClub`) VALUES
('Club d''escrime de Lorraine', 'www.escrimedeloraine.com', '46 ruye des poney', '0150201320', 'mail@escrimedeloraine.fr', 'Escrime', 1),
('Club de tennis de Lorraine', 'www.TennisdeLorainne.com', '48 rue des frites', '0215313543', 'mail@tennisdeloraine.com', 'Tennis', 2),
('Club de Poney de Lorraine', 'www.sitePoney.com', '49 rue des groux', '0130427858', 'mail@siteponey.fr', 'Poney', 3);

-- --------------------------------------------------------

--
-- Structure de la table `evenement`
--

CREATE TABLE IF NOT EXISTS `evenement` (
  `id` int(11) NOT NULL,
  `nom` varchar(1000) NOT NULL,
  `type` varchar(75) NOT NULL,
  `DateDebut` datetime NOT NULL,
  `DateFin` datetime NOT NULL,
  `adresse` varchar(1000) NOT NULL,
  `idclub` int(11) NOT NULL,
  PRIMARY KEY (`id`)
) ENGINE=InnoDB DEFAULT CHARSET=latin1;

--
-- Contenu de la table `evenement`
--

INSERT INTO `evenement` (`id`, `nom`, `type`, `DateDebut`, `DateFin`, `adresse`, `idclub`) VALUES
(1, 'Posuere At Industries', 'Public Relations', '2017-02-27 18:35:27', '2017-11-07 02:46:33', '72-393', 58),
(2, 'Pellentesque Industries', 'Accounting', '2017-12-17 01:51:12', '2016-08-20 02:04:47', '45073', 19),
(3, 'Lorem Vehicula Et Ltd', 'Public Relations', '2016-10-02 17:13:39', '2016-04-03 08:33:02', '90598', 62),
(4, 'Phasellus Libero Incorporated', 'Accounting', '2016-08-06 10:51:20', '2017-06-28 17:40:10', '567988', 47),
(5, 'Cursus Luctus Associates', 'Customer Service', '2017-05-05 15:51:29', '2016-03-01 05:40:06', '10816', 57),
(6, 'Eu Industries', 'Public Relations', '2017-07-11 17:40:47', '2016-06-19 12:05:51', '35015', 87),
(7, 'Etiam Ligula Tortor Incorporated', 'Finances', '2017-05-11 02:59:22', '2016-10-13 11:42:01', 'FZ94 6XK', 18),
(8, 'Urna Nec Inc.', 'Human Resources', '2017-09-03 08:16:20', '2016-10-30 00:57:21', '6227', 100),
(9, 'Metus Vitae Velit Associates', 'Human Resources', '2017-10-12 20:25:50', '2016-07-01 18:30:06', '60360', 75),
(10, 'Eget Limited', 'Accounting', '2017-01-20 17:22:20', '2018-01-24 11:49:34', 'S4 1YW', 32),
(11, 'Interdum Enim Associates', 'Public Relations', '2017-01-22 07:17:00', '2017-01-25 23:02:37', '40-881', 10),
(12, 'Quis Pede Inc.', 'Legal Department', '2016-08-07 05:31:21', '2016-06-28 01:27:18', '629200', 30),
(13, 'Ullamcorper Duis At Company', 'Payroll', '2016-04-10 20:58:36', '2016-03-17 01:13:32', 'SV7 3GK', 66),
(14, 'Semper Rutrum Institute', 'Customer Service', '2017-07-09 19:54:23', '2017-07-30 18:46:26', '96058', 35),
(15, 'Eu Odio Phasellus Incorporated', 'Finances', '2017-01-21 18:06:48', '2016-07-20 02:07:15', '8616', 73),
(16, 'Fusce Aliquam Incorporated', 'Payroll', '2016-06-14 10:42:54', '2017-11-14 11:01:08', '69585', 31),
(17, 'Dui Nec Tempus Industries', 'Customer Service', '2017-03-28 10:39:45', '2016-08-16 03:05:09', '51601', 60),
(18, 'Lorem Associates', 'Customer Relations', '2016-10-25 14:37:39', '2017-03-27 13:05:06', '2146', 70),
(19, 'In Mi LLC', 'Public Relations', '2016-06-16 01:41:18', '2017-03-18 19:50:54', '6160', 44),
(20, 'Diam Lorem Industries', 'Payroll', '2017-06-01 13:31:26', '2017-03-13 10:22:17', '50-675', 54),
(21, 'Rhoncus Institute', 'Payroll', '2017-06-02 05:54:20', '2016-04-07 08:07:27', '30306', 41),
(22, 'Nisl Maecenas Company', 'Customer Relations', '2016-12-31 23:48:12', '2016-09-08 07:06:03', '30103', 5),
(23, 'Montes Nascetur Ridiculus Corporation', 'Research and Development', '2017-09-15 21:14:11', '2016-08-24 06:55:24', '35864', 1),
(24, 'Ultrices Posuere PC', 'Media Relations', '2017-12-08 05:11:17', '2017-02-27 11:30:18', '16993', 35),
(25, 'In Consectetuer Ipsum Foundation', 'Customer Service', '2017-02-07 01:40:09', '2016-09-25 12:29:30', '3977', 48),
(26, 'Mattis Inc.', 'Accounting', '2017-12-17 05:29:25', '2018-02-23 20:48:41', '80718', 87),
(27, 'Vulputate Eu Associates', 'Customer Service', '2016-08-07 18:30:27', '2016-05-19 20:31:16', '10477', 28),
(28, 'Ut Molestie In Consulting', 'Research and Development', '2016-09-03 16:11:44', '2017-02-13 07:21:17', '942337', 63),
(29, 'A Auctor Non Inc.', 'Human Resources', '2017-12-22 19:41:05', '2016-03-22 15:36:53', 'X1N 1G0', 35),
(30, 'Donec Felis Orci PC', 'Tech Support', '2018-02-23 08:35:15', '2016-11-13 15:08:10', '28019', 28),
(31, 'Malesuada Incorporated', 'Sales and Marketing', '2017-06-12 22:02:49', '2016-03-03 09:49:13', '7143', 88),
(32, 'Elementum LLC', 'Advertising', '2018-02-27 10:19:10', '2016-07-30 13:46:15', '95-349', 44),
(33, 'Nunc LLP', 'Media Relations', '2016-06-07 19:23:16', '2017-01-14 22:30:28', '52314', 80),
(34, 'Mauris Sapien Cursus Corporation', 'Legal Department', '2016-06-28 13:49:08', '2016-04-27 23:57:25', '676113', 32),
(35, 'Montes Associates', 'Asset Management', '2017-10-03 20:15:14', '2017-02-28 21:35:49', '5065TW', 94),
(36, 'Sed Congue Elit Inc.', 'Research and Development', '2016-06-28 01:57:29', '2017-10-10 15:53:44', '3058AZ', 99),
(37, 'Viverra Donec Corp.', 'Media Relations', '2017-04-08 16:51:04', '2017-07-31 15:07:58', '8568VU', 26),
(38, 'Lorem Vehicula Institute', 'Quality Assurance', '2016-06-12 13:54:48', '2017-05-14 20:39:05', '30523', 12),
(39, 'Magna Company', 'Public Relations', '2016-03-18 23:17:48', '2016-04-27 06:28:38', '9834', 6),
(40, 'Suspendisse Inc.', 'Accounting', '2017-06-16 22:54:16', '2018-02-16 16:27:46', 'WH8 9FH', 33),
(41, 'Lorem Limited', 'Finances', '2016-04-26 17:50:59', '2016-10-14 07:04:39', '48713', 58),
(42, 'Eros Proin Ultrices Foundation', 'Media Relations', '2016-11-25 05:23:09', '2017-03-02 19:00:18', '6336', 59),
(43, 'Lorem Ipsum Sodales Corp.', 'Research and Development', '2016-09-04 12:30:34', '2016-05-21 19:45:37', '496803', 8),
(44, 'Nulla Magna Malesuada Limited', 'Legal Department', '2017-04-06 19:44:45', '2016-05-20 23:17:57', '5225', 11),
(45, 'Semper Consulting', 'Accounting', '2016-12-17 07:08:58', '2016-09-17 06:41:35', '588359', 2),
(46, 'Nunc Sed Institute', 'Sales and Marketing', '2017-07-23 11:27:12', '2017-02-22 22:34:05', '21572', 88),
(47, 'Et Consulting', 'Customer Relations', '2017-10-01 16:45:06', '2016-08-29 12:34:35', '88572', 6),
(48, 'Venenatis Vel PC', 'Asset Management', '2016-10-13 11:07:04', '2016-05-25 21:48:49', '61500', 42),
(49, 'Curabitur Consequat Lectus Foundation', 'Asset Management', '2017-07-27 19:23:27', '2017-05-21 22:21:45', '911112', 58),
(50, 'Egestas Industries', 'Research and Development', '2017-07-06 05:11:35', '2017-10-10 23:34:47', '2065', 84),
(51, 'Non Associates', 'Tech Support', '2017-08-14 16:41:40', '2017-01-11 00:01:35', '5126', 17),
(52, 'Sed Eget Lacus LLC', 'Public Relations', '2016-11-07 22:32:26', '2017-01-10 16:18:09', '7652', 20),
(53, 'Laoreet Company', 'Tech Support', '2017-12-25 06:16:47', '2017-07-06 02:36:17', '1798', 82),
(54, 'Vitae Incorporated', 'Finances', '2016-09-07 04:51:22', '2016-07-02 14:45:58', '20806', 15),
(55, 'Eu Corp.', 'Finances', '2017-06-22 13:20:58', '2016-04-11 20:06:34', '32897', 13),
(56, 'Ullamcorper Industries', 'Advertising', '2017-04-30 06:44:24', '2017-09-05 08:26:00', '98545', 52),
(57, 'Nulla Ltd', 'Payroll', '2017-05-01 05:33:43', '2017-07-01 05:44:16', '25165', 85),
(58, 'Aliquet Industries', 'Asset Management', '2016-08-23 05:34:01', '2016-10-17 06:07:08', '60376-590', 67),
(59, 'Placerat Augue Sed Inc.', 'Legal Department', '2017-02-16 01:14:00', '2017-03-12 09:13:26', '41604', 11),
(60, 'Nunc Mauris Inc.', 'Advertising', '2016-11-28 09:57:57', '2017-01-13 12:56:00', 'DS6 5NL', 79),
(61, 'Dui Cum Sociis LLC', 'Payroll', '2017-07-07 12:12:36', '2017-11-03 00:00:48', '6994', 73),
(62, 'Nulla Facilisi Incorporated', 'Media Relations', '2016-03-24 21:21:31', '2017-02-02 21:40:54', '36587-255', 50),
(63, 'A Mi Fringilla PC', 'Research and Development', '2017-02-14 08:14:16', '2017-10-29 10:38:18', '79049', 13),
(64, 'Phasellus PC', 'Legal Department', '2017-08-25 13:43:00', '2017-07-14 19:42:32', '1757', 1),
(65, 'Gravida Molestie Arcu LLC', 'Quality Assurance', '2017-02-12 16:32:57', '2016-05-21 14:54:51', '10610', 45),
(66, 'Quisque Libero Lacus Ltd', 'Tech Support', '2017-04-25 03:45:58', '2016-03-07 14:12:35', '2664', 29),
(67, 'Sed Sapien Nunc Limited', 'Customer Service', '2017-09-01 19:29:39', '2016-03-09 07:43:11', '8799', 67),
(68, 'Orci Lacus Vestibulum Foundation', 'Payroll', '2017-05-08 16:09:18', '2017-03-27 07:14:30', '89651', 70),
(69, 'Torquent Limited', 'Advertising', '2017-01-18 02:51:49', '2016-09-14 23:58:15', '08178', 56),
(70, 'Mollis Corporation', 'Finances', '2016-05-26 05:21:28', '2017-05-26 04:09:46', '36253', 51),
(71, 'Donec Porttitor LLC', 'Customer Relations', '2018-02-13 22:26:37', '2016-03-28 16:30:14', '7471', 2),
(72, 'Sem Company', 'Customer Service', '2016-10-27 20:41:12', '2016-12-15 04:33:20', '4577', 32),
(73, 'Id Inc.', 'Sales and Marketing', '2016-03-12 00:51:23', '2016-07-13 02:47:43', '49276', 3),
(74, 'Facilisis Facilisis Magna LLC', 'Asset Management', '2016-06-29 19:05:31', '2016-03-30 19:03:16', '0920', 23),
(75, 'Duis Mi Corporation', 'Finances', '2017-08-17 17:21:44', '2016-02-28 02:32:39', '20701', 22),
(76, 'Blandit Mattis Limited', 'Finances', '2017-09-05 08:17:16', '2017-01-28 06:33:41', '43958', 67),
(77, 'Nam Ligula Inc.', 'Research and Development', '2017-06-24 11:36:25', '2017-01-14 16:33:46', '72649', 87),
(78, 'Quam Vel PC', 'Accounting', '2016-12-18 11:00:32', '2017-08-30 12:47:59', '335141', 58),
(79, 'Quam A LLP', 'Media Relations', '2017-03-25 19:27:35', '2017-08-16 13:50:52', 'C4A 4R2', 42),
(80, 'Enim Condimentum Eget Institute', 'Research and Development', '2017-12-09 00:42:26', '2016-08-29 07:27:07', '5167', 23),
(81, 'Tortor Dictum Eu Associates', 'Research and Development', '2016-08-18 13:16:52', '2016-03-29 12:09:58', '461197', 35),
(82, 'At Arcu Vestibulum Corporation', 'Accounting', '2017-09-20 22:38:24', '2017-08-08 09:22:36', '22791-313', 96),
(83, 'Blandit LLP', 'Sales and Marketing', '2018-02-08 05:56:34', '2016-09-07 05:09:18', '51878', 22),
(84, 'Nascetur Ridiculus Mus Associates', 'Asset Management', '2016-11-28 04:45:13', '2017-07-04 10:41:02', '57914', 77),
(85, 'Dolor Sit Amet Company', 'Accounting', '2018-01-14 17:28:14', '2017-03-15 18:57:35', '7961', 22),
(86, 'Malesuada Ut Sem Industries', 'Payroll', '2017-11-30 09:09:46', '2017-06-17 23:33:04', '55833', 95),
(87, 'Neque Non Consulting', 'Research and Development', '2016-10-06 07:28:36', '2016-04-14 17:34:59', '077626', 5),
(88, 'Placerat Cras Company', 'Human Resources', '2016-07-16 03:10:35', '2017-12-17 22:46:47', '1538', 99),
(89, 'Dolor Quisque Tincidunt Consulting', 'Tech Support', '2016-12-20 14:42:10', '2016-04-27 03:28:07', '86354', 48),
(90, 'Urna Company', 'Research and Development', '2017-01-25 11:04:13', '2017-07-23 14:41:32', '440700', 70),
(91, 'Nibh PC', 'Sales and Marketing', '2016-06-18 23:45:07', '2016-06-13 03:36:03', '23500', 93),
(92, 'Luctus Lobortis Class LLP', 'Tech Support', '2017-05-05 23:10:10', '2017-10-11 13:09:31', '6121', 17),
(93, 'Enim Curabitur Industries', 'Finances', '2016-05-19 05:51:34', '2016-04-21 12:34:04', '829797', 68),
(94, 'Sociis Natoque Penatibus LLC', 'Finances', '2017-11-14 12:08:09', '2017-03-20 10:07:10', '60300', 66),
(95, 'Suspendisse Ac Inc.', 'Customer Service', '2017-03-06 15:45:06', '2017-04-13 04:04:20', '7272', 98),
(96, 'Semper Egestas Limited', 'Finances', '2016-08-06 01:35:32', '2017-11-09 13:21:43', '83781', 100),
(97, 'Aliquam Tincidunt LLC', 'Finances', '2017-11-02 00:26:40', '2016-03-29 03:53:20', '71550', 56),
(98, 'Mollis Lectus Pede Limited', 'Customer Service', '2017-07-06 17:34:24', '2017-06-19 05:18:00', '71005', 9),
(99, 'Aliquet Magna A Incorporated', 'Public Relations', '2016-12-17 00:41:06', '2017-09-13 05:32:54', '70-609', 93),
(100, 'Interdum Enim Non PC', 'Advertising', '2017-07-31 15:36:24', '2016-11-23 03:16:05', '3709WT', 99);

-- --------------------------------------------------------

--
-- Structure de la table `inscription`
--

CREATE TABLE IF NOT EXISTS `inscription` (
  `idEvent` int(11) NOT NULL,
  `idAdherent` int(11) NOT NULL
) ENGINE=InnoDB DEFAULT CHARSET=latin1;

--
-- Contenu de la table `inscription`
--

INSERT INTO `inscription` (`idEvent`, `idAdherent`) VALUES
(87, 63),
(10, 4),
(55, 52),
(90, 76),
(10, 2),
(10, 92),
(31, 67),
(60, 29),
(5, 56),
(35, 3),
(23, 87),
(66, 66),
(17, 6),
(49, 61),
(34, 48),
(34, 94),
(2, 42),
(90, 4),
(71, 15),
(27, 52),
(68, 37),
(98, 5),
(86, 29),
(25, 14),
(82, 60),
(15, 34),
(84, 34),
(6, 91),
(82, 60),
(29, 85),
(19, 67),
(50, 31),
(95, 59),
(63, 52),
(90, 86),
(39, 35),
(50, 30),
(99, 63),
(35, 43),
(8, 61),
(45, 95),
(99, 64),
(54, 78),
(86, 74),
(93, 81),
(50, 20),
(23, 9),
(82, 3),
(6, 49),
(39, 85),
(27, 29),
(80, 43),
(92, 11),
(30, 55),
(17, 55),
(27, 65),
(77, 87),
(5, 67),
(74, 62),
(27, 67),
(38, 95),
(56, 27),
(63, 56),
(85, 34),
(49, 26),
(75, 32),
(78, 6),
(85, 43),
(78, 89),
(75, 64),
(62, 75),
(31, 27),
(95, 25),
(50, 29),
(7, 55),
(18, 41),
(91, 64),
(5, 17),
(2, 35),
(76, 84),
(37, 70),
(91, 83),
(8, 77),
(16, 2),
(68, 28),
(65, 94),
(84, 2),
(74, 62),
(82, 53),
(82, 86),
(93, 100),
(24, 62),
(52, 92),
(41, 3),
(93, 81),
(61, 7),
(3, 72),
(27, 64),
(67, 50),
(14, 62);

-- --------------------------------------------------------

--
-- Structure de la table `license`
--

CREATE TABLE IF NOT EXISTS `license` (
  `numero` varchar(20) NOT NULL,
  `idClub` int(11) NOT NULL,
  `idAdherent` int(11) NOT NULL,
  PRIMARY KEY (`numero`)
) ENGINE=InnoDB DEFAULT CHARSET=latin1;

--
-- Contenu de la table `license`
--

INSERT INTO `license` (`numero`, `idClub`, `idAdherent`) VALUES
('16000201-8844', 1, 63),
('16000327-4172', 1, 68),
('16001119-7589', 1, 52),
('16010119-1427', 2, 7),
('16010403-6488', 1, 10),
('16040508-6661', 2, 34),
('16060307-8726', 2, 16),
('16080613-5695', 1, 36),
('16080722-0058', 2, 12),
('16090511-4898', 2, 86),
('16090722-3002', 2, 12),
('16091213-2131', 2, 61),
('16100411-4060', 1, 32),
('16100420-8458', 2, 50),
('16100602-6957', 1, 78),
('16131219-3632', 2, 7),
('16140712-4880', 1, 34),
('16160730-5446', 1, 85),
('16170306-9573', 1, 42),
('16170507-7434', 1, 20),
('16190813-0857', 1, 66),
('16191106-9001', 1, 55),
('16201203-5727', 1, 93),
('16220219-8764', 1, 86),
('16230416-8871', 1, 42),
('16230711-3460', 1, 55),
('16240407-5356', 2, 55),
('16241030-4055', 2, 65),
('16250901-0662', 2, 88),
('16301219-3888', 2, 48),
('16310509-7467', 1, 5),
('16310622-9051', 1, 45),
('16320807-4116', 1, 64),
('16320916-0138', 2, 51),
('16330323-3302', 2, 54),
('16330923-3777', 1, 72),
('16331004-1755', 1, 58),
('16340615-6723', 1, 41),
('16361008-5171', 2, 26),
('16361019-1177', 1, 79),
('16370817-9340', 1, 78),
('16371005-6791', 2, 76),
('16380225-6234', 2, 54),
('16391225-8831', 1, 43),
('16410723-9032', 2, 13),
('16421118-2672', 2, 47),
('16430812-9396', 2, 90),
('16430914-5029', 1, 95),
('16431018-2730', 2, 47),
('16450802-3407', 1, 3),
('16471115-1946', 2, 13),
('16480105-4232', 2, 9),
('16490228-2443', 1, 51),
('16500819-0760', 1, 20),
('16510406-7326', 1, 37),
('16510502-3054', 2, 94),
('16520311-4367', 1, 90),
('16530616-4335', 2, 45),
('16530822-2651', 1, 57),
('16540816-5032', 2, 61),
('16540918-2036', 2, 38),
('16551115-1713', 1, 80),
('16561110-3689', 2, 18),
('16571125-1123', 2, 31),
('16620621-3735', 1, 87),
('16650212-4735', 2, 46),
('16650422-5225', 2, 41),
('16690828-0057', 1, 47),
('16700724-3723', 2, 23),
('16701102-3137', 2, 26),
('16710423-3262', 2, 53),
('16720820-9937', 2, 25),
('16730105-5377', 2, 5),
('16740119-1163', 1, 97),
('16750108-7287', 2, 23),
('16770316-3233', 2, 20),
('16781115-5188', 1, 94),
('16810126-6651', 2, 10),
('16820508-1261', 1, 19),
('16830905-0709', 1, 57),
('16831128-4601', 2, 13),
('16831220-6785', 2, 79),
('16840617-0137', 1, 52),
('16841121-9945', 2, 55),
('16850226-7522', 1, 97),
('16860407-8017', 2, 49),
('16870109-0550', 1, 62),
('16871227-7311', 1, 54),
('16880204-2567', 2, 2),
('16911013-0060', 1, 60),
('16920508-4370', 1, 83),
('16920623-4115', 1, 44),
('16931204-2873', 2, 96),
('16940901-4231', 1, 77),
('16950607-3957', 1, 44),
('16950807-7063', 1, 87),
('16960929-5762', 2, 26),
('16970124-8768', 1, 96),
('16980106-9619', 1, 99),
('16991128-9883', 1, 90);

/*!40101 SET CHARACTER_SET_CLIENT=@OLD_CHARACTER_SET_CLIENT */;
/*!40101 SET CHARACTER_SET_RESULTS=@OLD_CHARACTER_SET_RESULTS */;
/*!40101 SET COLLATION_CONNECTION=@OLD_COLLATION_CONNECTION */;
